shipment_id,order_date,origin,destination,distance_km,planned_days,actual_days,weight_kg,transport_cost_inr,fuel_cost_inr,vehicle_capacity_kg,vehicle_utilization_pct,tracking_available,damage_flag,warehouse_origin,transport_mode,shipment_weight_kg,delivery_time_days,transport_cost_usd,on_time_status,Cost_Capped,Weight_Scaled,Cost_Scaled,Delivery_Time_Scaled
S1001,8/1/2026,Hyderabad,Mumbai,1040,3,4,154.8,1498.54,505.39,750,20.6,Yes,Yes,Hyderabad,Road,154.8,4,18.05,Delayed,1498.54,0.34709409594095947,0.46535854176443525,0.75
S1002,8/2/2026,Pune,Delhi,692,2,2,52.8,1023.64,311.45,750,7.0,Yes,No,Pune,Rail,52.8,2,12.33,On Time,1023.64,0.11185424354243541,0.24469958507380854,0.25
S1003,8/3/2026,Bengaluru,Bhopal,722,2,2,416.3,2180.45,658.28,750,55.5,Yes,No,Bengaluru,Air,416.3,2,26.27,On Time,2180.45,0.9501845018450185,0.7822032441373669,0.25
S1004,8/4/2026,Pune,Bhopal,1108,3,3,395.0,2336.26,736.0,750,52.7,No,Yes,Pune,Road,395.0,3,28.15,On Time,2336.26,0.9010608856088561,0.8545992686519314,0.5
S1005,8/5/2026,Pune,Delhi,1321,3,3,117.6,1515.45,540.85,750,15.7,Yes,No,Pune,Rail,117.6,3,18.26,On Time,1515.45,0.2613007380073801,0.4732156547516715,0.5
S1007,8/7/2026,Bengaluru,Mumbai,846,3,3,368.1,2008.84,748.15,500,73.6,No,No,Bengaluru,Rail,368.1,3,24.2,On Time,2008.84,0.8390221402214023,0.7024658603561952,0.5
S1008,8/8/2026,Bengaluru,Hyderabad,477,2,2,250.7,1512.76,482.86,1000,25.1,No,No,Bengaluru,Air,250.7,2,18.23,On Time,1512.76,0.5682656826568265,0.47196576510438204,0.25
S1009,8/9/2026,Bengaluru,Mumbai,950,3,4,239.3,1753.95,725.58,750,31.9,No,No,Bengaluru,Road,239.3,4,21.13,Delayed,1753.95,0.5419741697416974,0.5840330082381202,0.75
S1010,8/10/2026,Pune,Bhopal,874,3,5,110.3,1108.97,425.07,500,22.1,Yes,No,Pune,Rail,110.3,5,13.36,Delayed,1108.97,0.24446494464944651,0.2843475715434046,1.0
S1011,8/11/2026,Hyderabad,Bhopal,472,2,3,43.7,764.62,273.44,750,5.8,Yes,No,Hyderabad,Road,43.7,3,9.21,Delayed,764.62,0.09086715867158672,0.12434775740060125,0.5
S1012,8/12/2026,Bengaluru,Bhopal,286,1,1,404.0,1803.54,659.45,500,80.8,Yes,No,Bengaluru,Rail,404.0,1,21.73,On Time,1803.54,0.9218173431734318,0.6070746541894535,0.0
S1013,8/13/2026,Bhopal,Mumbai,1118,3,3,405.4,2279.72,772.24,1000,40.5,Yes,No,Bhopal,Air,405.4,3,27.47,On Time,2279.72,0.9250461254612545,0.8283283539092737,0.5
S1014,8/14/2026,Pune,Hyderabad,971,3,3,285.6,1910.62,601.24,500,57.1,No,No,Pune,Road,285.6,3,23.02,On Time,1910.62,0.6487546125461255,0.6568286257254238,0.5
S1015,8/15/2026,Mumbai,Bhopal,943,3,4,153.9,1456.72,480.48,500,30.8,Yes,No,Mumbai,Rail,153.9,4,17.55,Delayed,1456.72,0.3450184501845019,0.4459271718575033,0.75
S1016,8/16/2026,Hyderabad,Pune,822,3,3,158.4,1236.22,477.3,500,31.7,Yes,No,Hyderabad,Road,158.4,3,14.89,On Time,1236.22,0.35539667896678967,0.34347339221908846,0.5
S1017,8/17/2026,Bhopal,Mumbai,1344,3,4,327.2,2347.97,662.16,500,65.4,Yes,No,Bhopal,Rail,327.2,4,28.29,Delayed,2347.97,0.7446955719557196,0.8600402380830686,0.75
S1018,8/18/2026,Bhopal,Mumbai,643,2,2,403.9,2092.02,619.76,500,80.8,Yes,Yes,Bhopal,Air,403.9,2,25.21,On Time,2092.02,0.9215867158671586,0.7411148643939428,0.25
S1020,8/20/2026,Hyderabad,Mumbai,175,1,2,351.4,1632.19,466.32,500,70.3,Yes,No,Hyderabad,Rail,351.4,2,19.66,Delayed,1632.19,0.8005073800738007,0.5274580775860866,0.25
S1021,8/21/2026,Pune,Mumbai,564,2,4,289.6,1434.4,573.42,500,57.9,Yes,No,Pune,Road,289.6,4,17.28,Delayed,1434.4,0.657979704797048,0.43555634028594126,0.75
S1022,8/22/2026,Delhi,Bhopal,310,2,2,39.7,497.0,188.12,1000,4.0,No,Yes,Delhi,Rail,39.7,2,5.99,On Time,497.0,0.08164206642066421,0.0,0.25
S1023,8/23/2026,Hyderabad,Pune,828,3,5,74.4,1170.88,405.57,500,14.9,Yes,No,Hyderabad,Air,74.4,5,14.11,Delayed,1170.88,0.161669741697417,0.31311361915072555,1.0
S1024,8/24/2026,Mumbai,Bhopal,1274,3,3,404.6,2561.87,752.41,1000,40.5,Yes,Yes,Mumbai,Road,404.6,3,30.87,On Time,2561.87,0.9232011070110702,0.9594273739772045,0.5
S1025,8/25/2026,Bhopal,Bengaluru,620,2,2,273.7,1652.65,576.49,750,36.5,Yes,Yes,Bhopal,Rail,273.7,2,19.91,On Time,1652.65,0.6213099630996309,0.5369646731933518,0.25
S1026,8/26/2026,Pune,Hyderabad,1139,3,3,6.1,1586.1,549.24,500,1.2,Yes,Yes,Pune,Road,6.1,3,19.11,On Time,1586.1,0.0041512915129151284,0.5060426821052044,0.5
S1027,8/27/2026,Hyderabad,Delhi,604,2,4,47.5,923.51,280.98,1000,4.8,Yes,No,Hyderabad,Rail,47.5,4,11.13,Delayed,923.51,0.0996309963099631,0.1981748823291624,0.75
S1028,8/28/2026,Delhi,Bhopal,1263,3,4,299.2,2290.96,780.62,1000,29.9,No,Yes,Delhi,Air,299.2,4,27.6,Delayed,2290.96,0.680119926199262,0.8335509411343794,0.75
S1029,8/29/2026,Delhi,Pune,1346,3,4,4.3,1387.74,465.99,750,0.6,Yes,Yes,Delhi,Road,4.3,4,16.72,Delayed,1387.74,0.0,0.41387609829987126,0.75
S1030,8/30/2026,Bengaluru,Pune,1189,3,3,74.0,1456.72,533.48,500,14.8,No,Yes,Bengaluru,Rail,74.0,3,17.55,On Time,1456.72,0.16074723247232472,0.4459271718575033,0.5
S1031,8/31/2026,Bengaluru,Mumbai,657,2,2,247.8,1497.88,552.59,500,49.6,Yes,No,Bengaluru,Road,247.8,2,18.05,On Time,1497.88,0.5615774907749078,0.4650518773900074,0.25
S1032,9/1/2026,Mumbai,Pune,761,2,3,312.0,1910.23,546.98,1000,31.2,Yes,Yes,Mumbai,Rail,312.0,3,23.01,Delayed,1910.23,0.709640221402214,0.6566474149587164,0.5
S1033,9/2/2026,Hyderabad,Mumbai,636,2,3,294.1,1575.38,523.73,500,58.8,Yes,No,Hyderabad,Air,294.1,3,18.98,Delayed,1575.38,0.6683579335793358,0.5010617092357087,0.5
S1034,9/3/2026,Hyderabad,Delhi,1092,3,3,102.5,1368.58,503.12,1000,10.2,Yes,Yes,Hyderabad,Road,102.5,3,16.49,On Time,1368.58,0.22647601476014761,0.40497353858163077,0.5
S1035,9/4/2026,Bhopal,Hyderabad,725,2,4,321.1,1763.03,617.83,500,64.2,Yes,Yes,Bhopal,Rail,321.1,4,21.24,Delayed,1763.03,0.7306273062730628,0.5882519666014617,0.75
S1036,9/5/2026,Bhopal,Hyderabad,875,3,3,108.3,1262.63,504.94,1000,10.8,Yes,No,Bhopal,Road,108.3,3,15.21,On Time,1262.63,0.23985239852398524,0.3557446136261204,0.5
S1037,9/6/2026,Bhopal,Hyderabad,1131,3,3,147.8,1848.97,688.22,500,29.6,Yes,Yes,Bhopal,Rail,147.8,3,22.28,On Time,1848.97,0.33095018450184505,0.6281833852959079,0.5
S1038,9/7/2026,Bengaluru,Pune,1443,3,3,336.4,2184.66,661.54,750,44.9,Yes,No,Bengaluru,Air,336.4,3,26.32,On Time,2184.66,0.7659132841328413,0.7841593911318238,0.5
S1039,9/8/2026,Hyderabad,Delhi,1434,3,3,293.0,2345.45,679.9,500,58.6,Yes,Yes,Hyderabad,Road,293.0,3,28.26,On Time,2345.45,0.6658210332103321,0.858869337744344,0.5
S1040,9/9/2026,Hyderabad,Pune,1334,3,4,382.5,2280.97,843.82,500,76.5,Yes,No,Hyderabad,Rail,382.5,4,27.48,Delayed,2280.97,0.8722324723247232,0.8289091576487205,0.75
S1041,9/10/2026,Delhi,Pune,269,1,2,296.6,1344.24,381.38,750,39.5,Yes,Yes,Delhi,Road,296.6,2,16.2,Delayed,1344.24,0.6741236162361625,0.3936641281671227,0.25
S1042,9/11/2026,Bengaluru,Delhi,1328,3,3,256.6,2197.79,795.62,500,51.3,Yes,Yes,Bengaluru,Rail,256.6,3,26.48,On Time,2197.79,0.5818726937269373,0.7902601536109729,0.5
S1043,9/12/2026,Pune,Delhi,1386,3,3,44.0,1438.01,591.93,750,5.9,Yes,No,Pune,Air,44.0,3,17.33,On Time,1438.01,0.0915590405904059,0.4372337014854636,0.5
S1044,9/13/2026,Bengaluru,Delhi,712,2,2,166.7,1188.11,428.39,500,33.3,Yes,No,Bengaluru,Road,166.7,2,14.31,On Time,1188.11,0.37453874538745385,0.3211194178952601,0.25
S1045,9/14/2026,Pune,Delhi,707,2,2,120.8,1080.97,361.42,1000,12.1,Yes,Yes,Pune,Rail,120.8,2,13.02,On Time,1080.97,0.2686808118081181,0.27133756777979634,0.25
S1046,9/15/2026,Delhi,Hyderabad,1052,3,3,111.3,1476.71,546.47,1000,11.1,Yes,Yes,Delhi,Road,111.3,3,17.79,On Time,1476.71,0.24677121771217714,0.4552153852587364,0.5
S1047,9/16/2026,Mumbai,Bengaluru,1362,3,3,437.9,2585.14,889.69,500,87.6,Yes,No,Mumbai,Rail,437.9,3,31.15,On Time,2585.14,0.9999999999999999,0.970239616390746,0.5
S1048,9/17/2026,Hyderabad,Bengaluru,789,2,2,178.1,1437.65,512.36,500,35.6,Yes,No,Hyderabad,Air,178.1,2,17.32,On Time,1437.65,0.400830258302583,0.437066430008503,0.25
S1049,9/18/2026,Delhi,Hyderabad,728,2,2,401.6,2086.59,859.27,500,80.3,Yes,No,Delhi,Road,401.6,2,25.14,On Time,2086.59,0.9162822878228782,0.738591852949786,0.25
S1050,9/19/2026,Hyderabad,Bengaluru,397,2,4,284.8,1380.92,461.3,1000,28.5,Yes,No,Hyderabad,Rail,284.8,4,16.64,Delayed,1380.92,0.646909594095941,0.4107072330974496,0.75
S1051,9/20/2026,Bhopal,Bengaluru,1328,3,3,358.1,2649.19,1098.27,500,71.6,Yes,No,Bhopal,Road,358.1,3,31.92,On Time,2649.19,0.815959409594096,0.9999999999999999,0.5
S1052,9/21/2026,Mumbai,Delhi,1337,3,3,227.2,2055.86,836.22,1000,22.7,Yes,No,Mumbai,Rail,227.2,3,24.77,On Time,2055.86,0.5140682656826568,0.724313373819226,0.5
S1053,9/22/2026,Mumbai,Bengaluru,763,2,4,260.5,1412.83,434.32,750,34.7,Yes,No,Mumbai,Air,260.5,4,17.02,Delayed,1412.83,0.5908671586715867,0.42553399095804734,0.75
S1054,9/23/2026,Delhi,Pune,743,2,2,222.6,1541.94,446.72,1000,22.3,Yes,Yes,Delhi,Road,222.6,2,18.58,On Time,1541.94,0.503459409594096,0.48552404759802803,0.25
S1055,9/24/2026,Mumbai,Bhopal,1336,3,3,89.5,1458.99,429.1,1000,9.0,No,No,Mumbai,Rail,89.5,3,17.58,On Time,1458.99,0.19649446494464945,0.44698191144833865,0.5
S1056,9/25/2026,Pune,Mumbai,1216,3,3,325.7,2306.53,651.71,750,43.4,Yes,Yes,Pune,Road,325.7,3,27.79,On Time,2306.53,0.7412361623616236,0.8407854325129288,0.5
S1057,9/26/2026,Mumbai,Delhi,521,2,4,127.8,954.61,279.91,1000,12.8,Yes,Yes,Mumbai,Rail,127.8,4,11.5,Delayed,954.61,0.28482472324723246,0.21262527936659867,0.75
S1058,9/27/2026,Hyderabad,Bengaluru,643,2,2,12.9,759.76,285.38,500,2.6,Yes,No,Hyderabad,Air,12.9,2,9.15,On Time,759.76,0.019833948339483397,0.12208959246163212,0.25
S1059,9/28/2026,Hyderabad,Delhi,1371,3,3,291.2,2270.69,658.42,500,58.2,No,No,Hyderabad,Road,291.2,3,27.36,On Time,2270.69,0.661669741697417,0.8241326276955102,0.5
S1060,9/29/2026,Hyderabad,Bengaluru,1216,3,3,81.3,1526.05,495.44,1000,8.1,No,No,Hyderabad,Rail,81.3,3,18.39,On Time,1526.05,0.1775830258302583,0.47814087046218035,0.5
